Origin,x1,y1,Destination,x2,y2,Travel Time (min),Total Distance (miles)
1,43.07137151,-83.72854989,1,43.016299427739,-83.69105820587,12,5.2
2,43.0711208,-83.72161168,2,43.016299427739,-83.69105820587,11,5.4
